{
  "_args": [
    [
      {
        "raw": "node-xlsx",
        "scope": null,
        "escapedName": "node-xlsx",
        "name": "node-xlsx",
        "rawSpec": "",
        "spec": "latest",
        "type": "tag"
      },
      "C:\\Users\\JD\\Desktop\\21032017\\excel to csv"
    ]
  ],
  "_from": "node-xlsx@latest",
  "_id": "node-xlsx@0.7.4",
  "_inCache": true,
  "_location": "/node-xlsx",
  "_nodeVersion": "6.8.1",
  "_npmOperationalInternal": {
    "host": "packages-16-east.internal.npmjs.com",
    "tmp": "tmp/node-xlsx-0.7.4.tgz_1476742589272_0.5207100978586823"
  },
  "_npmUser": {
    "name": "mgcrea",
    "email": "olivier@mg-crea.com"
  },
  "_npmVersion": "3.10.8",
  "_phantomChildren": {},
  "_requested": {
    "raw": "node-xlsx",
    "scope": null,
    "escapedName": "node-xlsx",
    "name": "node-xlsx",
    "rawSpec": "",
    "spec": "latest",
    "type": "tag"
  },
  "_requiredBy": [
    "#USER"
  ],
  "_resolved": "https://registry.npmjs.org/node-xlsx/-/node-xlsx-0.7.4.tgz",
  "_shasum": "1c3318e43b6c7ca4d01badb9f88f277a31e8a805",
  "_shrinkwrap": null,
  "_spec": "node-xlsx",
  "_where": "C:\\Users\\JD\\Desktop\\21032017\\excel to csv",
  "author": {
    "name": "Olivier Louvignes",
    "email": "olivier@mg-crea.com"
  },
  "bugs": {
    "url": "https://github.com/mgcrea/node-xlsx/issues"
  },
  "dependencies": {
    "xlsx": "^0.8.0"
  },
  "description": "NodeJS Excel files parser & builder",
  "devDependencies": {
    "babel-cli": "^6.16.0",
    "babel-eslint": "^7.0.0",
    "babel-plugin-transform-class-properties": "^6.16.0",
    "babel-plugin-transform-function-bind": "^6.8.0",
    "babel-plugin-transform-object-rest-spread": "^6.16.0",
    "babel-preset-es2015": "^6.16.0",
    "babel-register": "^6.16.3",
    "codeclimate-test-reporter": "^0.4.0",
    "eslint": "^3.8.1",
    "eslint-config-airbnb-base": "^9.0.0",
    "eslint-plugin-import": "^2.0.1",
    "eslint-plugin-jsx-a11y": "^2.2.3",
    "expect": "^1.20.2",
    "mocha": "^3.1.2",
    "nyc": "^8.3.1",
    "rimraf": "^2.5.4"
  },
  "directories": {},
  "dist": {
    "shasum": "1c3318e43b6c7ca4d01badb9f88f277a31e8a805",
    "tarball": "https://registry.npmjs.org/node-xlsx/-/node-xlsx-0.7.4.tgz"
  },
  "gitHead": "4b3dc3fc626587ae075a23ec7d6ce4095d2f1e25",
  "homepage": "https://github.com/mgcrea/node-xlsx#readme",
  "keywords": [
    "excel",
    "parser",
    "builder",
    "xlsx",
    "xls"
  ],
  "license": "Apache-2.0",
  "main": "lib/index.js",
  "maintainers": [
    {
      "name": "mgcrea",
      "email": "olivier@mg-crea.com"
    }
  ],
  "name": "node-xlsx",
  "optionalDependencies": {},
  "readme": "ERROR: No README data found!",
  "repository": {
    "type": "git",
    "url": "git+https://github.com/mgcrea/node-xlsx.git"
  },
  "scripts": {
    "compile": "rimraf lib/*; babel src/ -d lib/ -s",
    "compile:watch": "npm run compile -- -w",
    "lint": "eslint src/",
    "prepublish": "npm run compile",
    "start": "npm run test:watch",
    "test": "mocha",
    "test:coverage": "nyc --reporter=lcov npm test -- --reporter dot && nyc report",
    "test:watch": "npm run test -- --watch"
  },
  "version": "0.7.4"
}
