{
  "menu": [
    {
      "label": "View",
      "submenu": [
        {
          "label": "Toggle Debugger",
          "command": "debugger:toggle"
        }
      ]
    },
    {
      "label": "&Debugger",
      "submenu": [
        {
          "label": "Show",
          "command": "debugger:show"
        },
        {
          "label": "Hide",
          "command": "debugger:hide"
        },
        {
          "label": "Reset layout",
          "command": "debugger:reset-layout"
        },
        {
          "label": "Attach debugger...",
          "command": "debugger:show-attach-dialog"
        },
        {
          "label": "Launch debugger...",
          "command": "debugger:show-launch-dialog"
        },
        {
          "label": "Restart debugger",
          "command": "debugger:restart-debugging"
        },
        {
          "label": "Detach debugger",
          "command": "debugger:stop-debugging"
        },
        {
          "label": "Continue Debugging",
          "command": "debugger:continue-debugging"
        },
        {
          "label": "Continue to Location",
          "command": "debugger:run-to-location"
        },
        {
          "label": "Edit Breakpoint",
          "command": "debugger:edit-breakpoint"
        },
        {
          "label": "Toggle Breakpoint",
          "command": "debugger:toggle-breakpoint"
        },
        {
          "label": "Toggle Breakpoint enabled/disabled",
          "command": "debugger:toggle-breakpoint-enabled"
        },
        {
          "label": "Enable All Breakpoints",
          "command": "debugger:enable-all-breakpoints"
        },
        {
          "label": "Disable All Breakpoints",
          "command": "debugger:disable-all-breakpoints"
        },
        {
          "label": "Remove Breakpoint",
          "command": "debugger:remove-breakpoint"
        },
        {
          "label": "Remove All Breakpoints",
          "command": "debugger:remove-all-breakpoints"
        },
        {
          "label": "Step Over",
          "command": "debugger:step-over"
        },
        {
          "label": "Step Into",
          "command": "debugger:step-into"
        },
        {
          "label": "Step Out",
          "command": "debugger:step-out"
        },
        {
          "label": "Copy Callstack",
          "command": "debugger:copy-debugger-callstack"
        },
        {
          "label": "Add to Watch",
          "command": "debugger:add-to-watch"
        }
      ]
    }
  ]
}
